model,r2,rmse,mae
Latitude only,0.5608805151985122,3.92055247226356,3.1443101345893045
Lat + Lon,0.5754932908930881,3.854767563387553,3.023236781667773
MOSAIKS only,0.8457390814715368,2.3237204132242115,1.8358774944543952
MOSAIKS + Lat,0.8437591881666591,2.338585002058177,1.8179519438666956
MOSAIKS + Lat + Lon,0.8476755854623653,2.309089016243764,1.8072177317440552
