strategy,r2,rmse,mae
East/West holdout,-0.4491201500329186,6.310452347959075,4.317147330331352
Spatial block CV,-1.566637801475441,4.302344356496661,2.543611344483146
